SLNo, Name, NoOfTests, NoOfODIs, NoOfT20s, TotalNumberOf4s, TotalNumberOf6s, Highestscore, HighestPartnership, FastestBallFaced, TotalRunsScoredInTests, TotalRunsScoredInODIs, TotalRunsScoredInT20s, TotalBallsFacedInTests, TotalBallsFacedInODIs, TotalBallsFacedInT20s, StrikeRateInTests, StrikeRateInODIs, StrikeRateInT20s
1, phani, 100, 200, 300, 12, 45, 63, 789, 456.000000, 122234.000000, 78922.000000, 5211.000000, 55212.000000, 8122.000000, 182.000000, 221.390274, 971.706482, 2863.186768
2, dhoni, 200, 123, 520, 456, 12, 36, 966, 144.000000, 785.000000, 52552.000000, 412552.000000, 55225652.000000, 5512.000000, 5522.000000, 0.001421, 953.410767, 7471.061035
